﻿<?xml version="1.0" encoding="utf-8"?>
<TP Version="06" NameSoftware="TPlan" VersionSoftware="6.0.0.0" GUID="f8563d0d-b67d-4bb7-b44d-3fa9cf52b350">
  <Construction>
    <Package>
      <NewConstructions>
        <NewConstruction>
          <CadastralBlocks>
            <CadastralBlock>02:26:010202</CadastralBlock>
          </CadastralBlocks>
          <ParentCadastralNumbers>
            <CadastralNumber>02:26:000000:5171</CadastralNumber>
          </ParentCadastralNumbers>
          <AssignationName>иное сооружение (газопровод-ввод)</AssignationName>
          <Name>Газоснабжение жилого дома </Name>
          <ExploitationChar YearBuilt="2016" />
          <KeyParameters>
            <KeyParameter Type="01" Value="14" />
          </KeyParameters>
          <Locations>
            <Address AddressOrLocation="0">
              <OKATO>80228816001</OKATO>
              <KLADR>0202400000100</KLADR>
              <Region>02</Region>
              <District Name="Иглинский " Type="р-н" />
              <Locality Name="Иглино" Type="с" />
              <Note>Российская Федерация, Башкортостан Респ.,Иглинский р-н,с. Иглино, рядом с домом №17 по ул. Лермонтова</Note>
            </Address>
          </Locations>
          <EntitySpatial Name="мск 02,зона 2" CsCode="02.2">
            <SpatialElement Underground="1">
              <SpelementUnit TypeUnit="Точка" SuNmb="1">
                <Ordinate X="669297.78" Y="2193486.81" NumGeopoint="1" DeltaGeopoint="0.1" />
              </SpelementUnit>
              <SpelementUnit TypeUnit="Точка" SuNmb="2">
                <Ordinate X="669293.24" Y="2193473.10" NumGeopoint="2" DeltaGeopoint="0.1" />
              </SpelementUnit>
            </SpatialElement>
          </EntitySpatial>
          <Plans>
            <Plan Name="plan0.jpg" Scale="1:200" />
          </Plans>
        </NewConstruction>
      </NewConstructions>
    </Package>
    <GeneralCadastralWorks DateCadastral="2020-03-21">
      <Contractor>
        <FamilyName>Шамигулов</FamilyName>
        <FirstName>Рустем</FirstName>
        <Patronymic>Маликович</Patronymic>
        <SNILS>07439262076</SNILS>
        <CadastralEngineerRegistryNumber>1127 от 29.11.2016</CadastralEngineerRegistryNumber>
        <Telephone>+79603875845</Telephone>
        <Address>Республика Башкортостан, г. Учалы, ул. Ленина 50В - 69</Address>
        <Email>rshamig@mail.ru</Email>
        <SelfRegulatoryOrganization>Ассоциация "СРО "СОДРУЖЕСТВО"</SelfRegulatoryOrganization>
        <AgreementCadWork>
          <NumberAgreement>18-1113</NumberAgreement>
          <DateAgreement>2019-12-23</DateAgreement>
        </AgreementCadWork>
      </Contractor>
      <Reason>В связи с созданием сооружения расположенного по адресу:Российская Федерация, Башкортостан Респ.,Иглинский р-н,с. Иглино, рядом с домом №17 по ул. Лермонтова</Reason>
      <Clients>
        <Client>
          <Organization>
            <Name>ПАО "Газпром газораспределение Уфа"</Name>
            <INN>0278030985</INN>
            <OGRN>1020203227758</OGRN>
          </Organization>
        </Client>
      </Clients>
    </GeneralCadastralWorks>
    <InputData>
      <Documents>
        <Document>
          <CodeDocument>558217000000</CodeDocument>
          <Name>Кадастровый план территории</Name>
          <Number>02/18/1-1441614</Number>
          <Date>2018-11-13</Date>
        </Document>
        <Document>
          <CodeDocument>558502029900</CodeDocument>
          <Name>Проект</Name>
          <Number>18/36/24/26-16ГСН</Number>
          <Date>2016-05-08</Date>
          <AppliedFile Kind="01" Name="file0.pdf" />
        </Document>
        <Document>
          <CodeDocument>558502029900</CodeDocument>
          <Name>Акт приемки законченного строительством объекта</Name>
          <Number>-</Number>
          <Date>2016-08-22</Date>
          <AppliedFile Kind="01" Name="file1.pdf" />
        </Document>
        <Document>
          <CodeDocument>558502029900</CodeDocument>
          <Name>Выписка из каталога координат</Name>
          <Number>110/685</Number>
          <Date>2020-01-28</Date>
        </Document>
        <Document>
          <CodeDocument>558502029900</CodeDocument>
          <Name>Исходные данные</Name>
          <Number>-</Number>
          <Date>2020-03-15</Date>
          <AppliedFile Kind="01" Name="file2.pdf" />
        </Document>
        <Document>
          <CodeDocument>558502029900</CodeDocument>
          <Name>План объекта недвижмости</Name>
          <Number>-</Number>
          <Date>2020-03-15</Date>
          <AppliedFile Kind="01" Name="file3.pdf" />
        </Document>
      </Documents>
      <GeodesicBases>
        <GeodesicBase>
          <PName>Красн. Горка</PName>
          <PKind>пир.</PKind>
          <PKlass>2 кл.</PKlass>
          <OrdX>711753.35</OrdX>
          <OrdY>2213458.75</OrdY>
          <ConditionPoint AsOfDate="2020-01-23">
            <OutdoorPoint>
              <NetworkPoints>627003000000</NetworkPoints>
            </OutdoorPoint>
            <CenterPoint>
              <NetworkPoints>627001000000</NetworkPoints>
            </CenterPoint>
            <Mark>
              <NetworkPoints>627001000000</NetworkPoints>
            </Mark>
          </ConditionPoint>
        </GeodesicBase>
        <GeodesicBase>
          <PName>Имянтау</PName>
          <PKind>пир.</PKind>
          <PKlass>2 кл.</PKlass>
          <OrdX>719479.69</OrdX>
          <OrdY>2214896.91</OrdY>
          <ConditionPoint AsOfDate="2020-01-23">
            <OutdoorPoint>
              <NetworkPoints>627003000000</NetworkPoints>
            </OutdoorPoint>
            <CenterPoint>
              <NetworkPoints>627001000000</NetworkPoints>
            </CenterPoint>
            <Mark>
              <NetworkPoints>627001000000</NetworkPoints>
            </Mark>
          </ConditionPoint>
        </GeodesicBase>
        <GeodesicBase>
          <PName>Печенкино</PName>
          <PKind>пир.</PKind>
          <PKlass>3 кл.</PKlass>
          <OrdX>724623.52</OrdX>
          <OrdY>2214393.08</OrdY>
          <ConditionPoint AsOfDate="2020-01-23">
            <OutdoorPoint>
              <NetworkPoints>627003000000</NetworkPoints>
            </OutdoorPoint>
            <CenterPoint>
              <NetworkPoints>627001000000</NetworkPoints>
            </CenterPoint>
            <Mark>
              <NetworkPoints>627001000000</NetworkPoints>
            </Mark>
          </ConditionPoint>
        </GeodesicBase>
      </GeodesicBases>
      <MeansSurvey>
        <MeanSurvey>
          <Name>Геодезическая спутниковая  аппаратура EFT M1</Name>
          <Registration>
            <Number>53818-13</Number>
            <Duration>18.06.2018</Duration>
          </Registration>
          <CertificateVerification>№07123188, 28.06.2018</CertificateVerification>
        </MeanSurvey>
      </MeansSurvey>
    </InputData>
    <Survey>
      <GeopointsOpred>
        <Element Number="1" NumGeopoint="1">
          <GeopointOpred>692001000000</GeopointOpred>
        </Element>
        <Element Number="1" NumGeopoint="2">
          <GeopointOpred>692001000000</GeopointOpred>
        </Element>
      </GeopointsOpred>
      <TochnGeopointsObject>
        <Element Number="1" NumGeopoint="1">
          <Formula>Mt=√m0²+m1²=√0,07²+0,07²=0,1</Formula>
        </Element>
        <Element Number="1" NumGeopoint="2">
          <Formula>Mt=√m0²+m1²=√0,07²+0,07²=0,1</Formula>
        </Element>
      </TochnGeopointsObject>
    </Survey>
    <Conclusion>Сведения о сооружении внесены на основании проектной документации. 
Согласно ст.21 Закона РБ от 11 июля 2006 года N 341-з "О регулировании градостроительной деятельности в Республике Башкортостан",
для строительства распределительных сетей разрешение на строительство не требуется.
Протяженность газопровода 14 м взята по акту приемки завершенного строительством объекта.
Номер договора №18-1113  от 23.12.2019.
Кадастровый инженер Шамигулов Р.М.. является членом СРО АССОЦИАЦИЯ КАДАСТРОВЫХ ИНЖЕНЕРОВ "СОДРУЖЕСТВО". 
Реестровый номер 1127 от 29.11.2016. СНИЛС кадастрового инженера 074-392-620-76.
</Conclusion>
    <SchemeGeodesicPlotting>
      <AppliedFile Kind="01" Name="gplan.pdf" />
    </SchemeGeodesicPlotting>
    <SchemeDisposition>
      <AppliedFile Kind="01" Name="schema.pdf" />
    </SchemeDisposition>
    <DiagramContour>
      <AppliedFile Kind="01" Name="plan.pdf" />
    </DiagramContour>
    <Appendix>
      <AppliedFiles>
        <NumberAppendix>1</NumberAppendix>
        <NameAppendix>Проект</NameAppendix>
        <AppliedFile Name="file0.pdf" Kind="01" />
      </AppliedFiles>
      <AppliedFiles>
        <NumberAppendix>2</NumberAppendix>
        <NameAppendix>Акт приемки законченного строительством объекта</NameAppendix>
        <AppliedFile Name="file1.pdf" Kind="01" />
      </AppliedFiles>
      <AppliedFiles>
        <NumberAppendix>3</NumberAppendix>
        <NameAppendix>Исходные данные</NameAppendix>
        <AppliedFile Name="file2.pdf" Kind="01" />
      </AppliedFiles>
      <AppliedFiles>
        <NumberAppendix>4</NumberAppendix>
        <NameAppendix>План объекта недвижмости</NameAppendix>
        <AppliedFile Name="file3.pdf" Kind="01" />
      </AppliedFiles>
    </Appendix>
  </Construction>
</TP>